{
  "project_info": {
    "project_number": "408234915913",
    "firebase_url": "https://esp32-6d2a4-default-rtdb.asia-southeast1.firebasedatabase.app",
    "project_id": "esp32-6d2a4",
    "storage_bucket": "esp32-6d2a4.appspot.com"
  },
  "client": [
    {
      "client_info": {
        "mobilesdk_app_id": "1:408234915913:android:e0f1f03f33c53997a9a798",
        "android_client_info": {
          "package_name": "com.example.esp32"
        }
      },
      "oauth_client": [],
      "api_key": [
        {
          "current_key": "AIzaSyDprsQP4MPIH6TBxxV2dA1Verj4CyhuziY"
        }
      ],
      "services": {
        "appinvite_service": {
          "other_platform_oauth_client": []
        }
      }
    }
  ],
  "configuration_version": "1"
}